id,score,attempts,correct_count,wrong_count,avg_response_ms,last_response_ms,last_delta,updated_at
ko-0003,279,1,1,0,1648,1648,29,2026-05-25T14:27:21.386Z
ko-0004,256,1,1,0,22527,22527,6,2026-05-25T13:54:32.347Z
ko-0006,306,2,2,0,2004,2293,27,2026-05-25T15:22:21.318Z
ko-0007,279,1,1,0,1688,1688,29,2026-05-25T14:45:11.276Z
ko-0008,301,2,2,0,2512,5021,17,2026-05-25T13:42:20.850Z
ko-0010,301,2,2,0,2650,3080,24,2026-05-25T20:28:07.048Z
ko-0011,333,3,3,0,2129,1271,31,2026-05-25T20:25:51.507Z
ko-0012,274,1,1,0,2976,2976,24,2026-05-25T13:48:14.090Z
ko-0013,280,1,1,0,1386,1386,30,2026-05-25T20:26:21.352Z
ko-0014,303,2,2,0,2335,2452,26,2026-05-25T20:15:14.048Z
ko-0015,276,2,2,0,8508,4150,20,2026-05-25T20:20:19.853Z
ko-0016,282,1,1,0,843,843,32,2026-05-25T20:23:28.978Z
ko-0017,250,2,1,1,15736,27257,-20,2026-05-25T20:24:07.844Z
ko-0018,230,1,0,1,6383,6383,-20,2026-05-25T14:44:38.497Z
ko-0019,279,2,2,0,6776,10078,6,2026-05-25T20:14:19.141Z
ko-0020,257,1,1,0,7649,7649,7,2026-05-25T20:20:28.165Z
ko-0022,262,2,2,0,10907,12139,6,2026-05-25T20:25:04.906Z
ko-0024,306,2,2,0,2079,1528,30,2026-05-25T20:30:50.994Z
ko-0025,230,1,0,1,9368,9368,-20,2026-05-25T20:20:13.007Z
ko-0026,250,2,1,1,10471,4161,20,2026-05-25T14:45:08.775Z
ko-0027,299,2,2,0,2968,3196,24,2026-05-25T14:28:42.493Z
ko-0028,276,1,1,0,2556,2556,26,2026-05-25T20:16:00.565Z
ko-0029,281,1,1,0,1135,1135,31,2026-05-25T13:21:55.689Z
ko-0030,284,1,1,0,364,364,34,2026-05-25T20:19:58.807Z
ko-0031,276,1,1,0,2549,2549,26,2026-05-25T20:16:37.234Z
ko-0032,274,1,1,0,3205,3205,24,2026-05-25T20:34:16.520Z
ko-0033,230,1,0,1,7164,7164,-20,2026-05-25T20:19:36.038Z
ko-0034,291,3,3,0,6028,8439,6,2026-05-25T20:16:50.162Z
ko-0035,278,1,1,0,2017,2017,28,2026-05-25T13:50:26.851Z
ko-0036,284,1,1,0,1,1,34,2026-05-25T13:50:08.778Z
ko-0037,309,2,2,0,1523,369,34,2026-05-25T20:20:57.642Z
ko-0038,273,1,1,0,3346,3346,23,2026-05-25T13:26:33.618Z
ko-0039,335,3,3,0,1761,1880,28,2026-05-25T13:41:39.148Z
ko-0041,284,1,1,0,320,320,34,2026-05-25T20:23:40.293Z
ko-0042,279,1,1,0,1748,1748,29,2026-05-25T14:16:00.653Z
ko-0046,277,1,1,0,2131,2131,27,2026-05-25T20:21:04.075Z
ko-0048,306,2,2,0,2022,2263,27,2026-05-25T14:25:37.472Z
ko-0049,322,3,3,0,3107,4802,18,2026-05-25T20:27:10.551Z
ko-0050,308,2,2,0,1820,2089,28,2026-05-25T20:22:42.379Z
ko-0051,276,3,2,1,3054,3157,24,2026-05-25T13:45:06.250Z
ko-0052,284,1,1,0,352,352,34,2026-05-25T20:32:15.052Z
ko-0054,283,3,2,1,2099,2378,27,2026-05-25T13:46:17.913Z
ko-0055,329,4,4,0,7973,22820,6,2026-05-25T20:25:28.061Z
ko-0057,281,1,1,0,1202,1202,31,2026-05-25T14:43:35.039Z
ko-0059,302,2,2,0,2568,2330,27,2026-05-25T20:31:41.446Z
ko-0060,284,1,1,0,1,1,34,2026-05-25T13:13:15.542Z
ko-0061,283,1,1,0,656,656,33,2026-05-25T20:31:54.097Z
ko-0062,291,2,2,0,3962,2785,25,2026-05-25T20:33:36.878Z
ko-0063,307,2,2,0,1860,2085,28,2026-05-25T20:15:01.616Z
ko-0068,281,1,1,0,1238,1238,31,2026-05-25T14:14:36.129Z
ko-0069,230,1,0,1,5144,5144,-20,2026-05-25T14:42:51.742Z
ko-0070,210,2,0,2,5946,8398,-20,2026-05-25T20:20:46.272Z
ko-0071,264,1,1,0,5714,5714,14,2026-05-25T20:32:59.090Z
ko-0072,328,3,3,0,2521,2293,27,2026-05-25T14:27:41.464Z
ko-0074,270,1,1,0,4078,4078,20,2026-05-25T14:15:15.004Z
ko-0076,267,1,1,0,4910,4910,17,2026-05-25T20:21:32.703Z
ko-0077,273,1,1,0,3368,3368,23,2026-05-25T13:46:21.898Z
ko-0079,274,1,1,0,3064,3064,24,2026-05-25T13:50:43.549Z
ko-0080,284,1,1,0,1,1,34,2026-05-25T13:24:13.112Z
ko-0081,271,1,1,0,3938,3938,21,2026-05-25T13:13:48.712Z
ko-0084,280,1,1,0,1496,1496,30,2026-05-25T15:22:35.985Z
ko-0086,230,1,0,1,13226,13226,-20,2026-05-25T13:29:32.201Z
ko-0087,278,1,1,0,1925,1925,28,2026-05-25T20:19:56.263Z
ko-0089,276,1,1,0,2577,2577,26,2026-05-25T20:31:13.783Z
ko-0090,275,2,2,0,11387,4397,19,2026-05-25T20:23:03.094Z
ko-0091,276,1,1,0,2436,2436,26,2026-05-25T14:30:12.504Z
ko-0093,273,1,1,0,3439,3439,23,2026-05-25T13:22:07.324Z
ko-0094,278,1,1,0,2050,2050,28,2026-05-25T20:28:45.146Z
ko-0095,275,1,1,0,2741,2741,25,2026-05-25T13:44:51.575Z
ko-0097,270,1,1,0,4143,4143,20,2026-05-25T20:28:40.489Z
ko-0098,230,1,0,1,7847,7847,-20,2026-05-25T20:32:34.869Z
ko-0099,267,1,1,0,5083,5083,17,2026-05-25T20:26:30.308Z
ko-0100,277,1,1,0,2205,2205,27,2026-05-25T13:27:29.651Z
ko-0102,261,2,1,1,12683,24233,-20,2026-05-25T13:53:37.128Z
ko-0103,279,1,1,0,1626,1626,29,2026-05-25T20:17:42.349Z
ko-0104,309,2,2,0,1548,333,34,2026-05-25T20:20:35.850Z
ko-0106,277,3,2,1,3109,4602,18,2026-05-25T20:32:12.650Z
ko-0107,284,1,1,0,0,0,34,2026-05-25T13:15:05.361Z
ko-0108,279,1,1,0,1794,1794,29,2026-05-25T14:16:02.932Z
ko-0109,295,2,2,0,3549,3615,22,2026-05-25T20:15:09.988Z
ko-0110,272,1,1,0,3656,3656,22,2026-05-25T13:22:41.743Z
ko-0112,288,2,2,0,4335,3492,22,2026-05-25T15:22:43.182Z
ko-0113,304,2,2,0,2275,2532,26,2026-05-25T13:46:00.616Z
ko-0114,303,2,2,0,2468,2335,27,2026-05-25T20:30:59.243Z
ko-0117,279,1,1,0,1803,1803,29,2026-05-25T13:45:11.564Z
ko-0118,267,1,1,0,4915,4915,17,2026-05-25T14:15:47.189Z
ko-0120,304,2,2,0,2331,2070,28,2026-05-25T14:26:44.220Z
ko-0126,210,2,0,2,8935,8935,-20,2026-05-25T20:23:18.389Z
ko-0127,251,2,1,1,6771,3785,21,2026-05-25T13:50:02.793Z
ko-0128,256,1,1,0,8636,8636,6,2026-05-25T13:43:59.205Z
ko-0129,279,1,1,0,1771,1771,29,2026-05-25T20:27:52.784Z
ko-0133,277,1,1,0,2365,2365,27,2026-05-25T13:25:07.366Z
ko-0135,273,1,1,0,3303,3303,23,2026-05-25T13:41:55.941Z
ko-0136,277,1,1,0,2140,2140,27,2026-05-25T13:23:56.482Z
ko-0138,256,2,1,1,13082,23495,-20,2026-05-25T13:44:23.039Z
ko-0140,267,1,1,0,5051,5051,17,2026-05-25T14:13:51.494Z
ko-0141,282,2,2,0,5271,3081,24,2026-05-25T14:43:11.165Z
ko-0142,357,4,4,0,2366,283,34,2026-05-25T20:23:06.255Z
ko-0143,280,1,1,0,1344,1344,30,2026-05-25T20:21:35.885Z
ko-0147,346,4,4,0,3096,4964,17,2026-05-25T20:33:20.610Z
ko-0148,269,1,1,0,4317,4317,19,2026-05-25T20:26:42.319Z
ko-0149,276,1,1,0,2406,2406,26,2026-05-25T14:28:51.919Z
ko-0151,291,2,2,0,4067,3701,22,2026-05-25T20:18:16.936Z
ko-0153,273,1,1,0,3370,3370,23,2026-05-25T20:16:05.855Z
ko-0154,273,1,1,0,3266,3266,23,2026-05-25T14:43:07.101Z
ko-0155,339,3,3,0,1456,1843,29,2026-05-25T20:34:10.895Z
ko-0158,276,1,1,0,2577,2577,26,2026-05-25T14:27:08.882Z
ko-0159,340,4,4,0,3698,862,32,2026-05-25T20:23:27.456Z
ko-0160,275,1,1,0,2767,2767,25,2026-05-25T14:29:18.276Z
ko-0163,278,1,1,0,1981,1981,28,2026-05-25T14:27:43.963Z
ko-0164,320,3,3,0,3283,7034,10,2026-05-25T20:31:08.346Z
ko-0166,287,2,2,0,4602,5756,14,2026-05-25T14:27:15.377Z
ko-0167,241,2,1,1,10330,14047,-20,2026-05-25T20:30:04.962Z
ko-0168,271,1,1,0,3951,3951,21,2026-05-25T14:29:30.710Z
ko-0169,284,1,1,0,1,1,34,2026-05-25T13:45:17.819Z
ko-0170,293,3,2,1,2047,1693,29,2026-05-25T20:28:02.898Z
ko-0171,230,1,0,1,3619,3619,-20,2026-05-25T14:28:09.029Z
ko-0172,277,1,1,0,2317,2317,27,2026-05-25T20:23:23.658Z
ko-0173,302,2,2,0,2666,2942,25,2026-05-25T14:13:55.112Z
ko-0179,258,1,1,0,7368,7368,8,2026-05-25T13:22:20.437Z
ko-0181,230,1,0,1,9226,9226,-20,2026-05-25T15:23:29.991Z
ko-0183,253,2,1,1,20231,3241,23,2026-05-25T20:21:41.515Z
ko-0185,230,1,0,1,3839,3839,-20,2026-05-25T14:44:45.908Z
ko-0186,262,2,1,1,2409,3801,-20,2026-05-25T20:27:35.443Z
ko-0187,299,2,2,0,2996,3154,24,2026-05-25T14:44:59.271Z
ko-0188,338,3,3,0,1679,1257,31,2026-05-25T14:29:06.704Z
ko-0189,275,1,1,0,2779,2779,25,2026-05-25T13:26:29.769Z
ko-0190,308,2,2,0,1678,1912,28,2026-05-25T15:24:45.802Z
ko-0191,230,1,0,1,5036,5036,-20,2026-05-25T20:19:48.639Z
ko-0193,256,1,1,0,96778,96778,6,2026-05-25T13:52:30.045Z
ko-0194,309,2,2,0,1506,1125,31,2026-05-25T14:29:32.362Z
ko-0195,230,1,0,1,2012,2012,-20,2026-05-25T14:44:19.513Z
ko-0196,304,2,2,0,2232,2153,27,2026-05-25T20:22:05.063Z
ko-0197,256,1,1,0,18384,18384,6,2026-05-25T20:21:23.088Z
ko-0199,276,1,1,0,2577,2577,26,2026-05-25T20:31:18.466Z
ko-0202,302,2,2,0,2491,3354,23,2026-05-25T14:25:26.987Z
ko-0206,231,3,1,2,8591,8172,-20,2026-05-25T20:26:02.339Z
ko-0207,278,1,1,0,2104,2104,28,2026-05-25T13:26:02.875Z
ko-0208,268,1,1,0,4625,4625,18,2026-05-25T13:45:51.152Z
ko-0210,258,3,2,1,5663,5209,-20,2026-05-25T15:22:27.415Z
ko-0213,256,1,1,0,8908,8908,6,2026-05-25T13:45:32.541Z
ko-0214,272,1,1,0,3536,3536,22,2026-05-25T14:26:23.816Z
ko-0215,277,1,1,0,2133,2133,27,2026-05-25T13:48:54.867Z
ko-0217,277,1,1,0,2393,2393,27,2026-05-25T13:49:04.115Z
ko-0218,277,1,1,0,2158,2158,27,2026-05-25T13:48:36.939Z
ko-0220,278,1,1,0,1895,1895,28,2026-05-25T20:32:02.708Z
ko-0222,309,3,3,0,7711,2154,27,2026-05-25T14:25:16.310Z
ko-0224,277,1,1,0,2350,2350,27,2026-05-25T13:28:06.674Z
ko-0226,277,1,1,0,2244,2244,27,2026-05-25T14:15:00.046Z
ko-0229,256,1,1,0,10465,10465,6,2026-05-25T14:15:58.245Z
ko-0230,230,1,0,1,2510,2510,-20,2026-05-25T20:22:35.872Z
ko-0231,277,1,1,0,2207,2207,27,2026-05-25T14:26:47.452Z
ko-0234,303,2,2,0,2366,1198,31,2026-05-25T20:25:47.213Z
ko-0235,279,3,2,1,3766,5728,-20,2026-05-25T20:17:19.074Z
ko-0237,300,2,2,0,2847,2665,26,2026-05-25T20:14:58.563Z
ko-0238,273,1,1,0,3406,3406,23,2026-05-25T20:14:42.047Z
ko-0239,263,3,2,1,6106,2211,27,2026-05-25T15:22:17.826Z
ko-0241,272,1,1,0,3635,3635,22,2026-05-25T14:25:22.381Z
ko-0242,275,1,1,0,2847,2847,25,2026-05-25T14:14:57.395Z
ko-0243,249,2,1,1,4855,5173,-20,2026-05-25T14:14:27.566Z
ko-0244,255,2,1,1,16635,30373,-20,2026-05-25T13:43:08.185Z
ko-0246,259,1,1,0,7147,7147,9,2026-05-25T20:16:15.356Z
ko-0247,264,2,1,1,1,1,34,2026-05-25T13:26:12.809Z
ko-0248,271,1,1,0,3958,3958,21,2026-05-25T20:33:53.604Z
ko-0249,297,2,2,0,2990,5978,13,2026-05-25T13:48:10.561Z
ko-0250,279,1,1,0,1829,1829,29,2026-05-25T13:25:35.820Z
ko-0251,268,1,1,0,4677,4677,18,2026-05-25T15:24:54.544Z
ko-0253,277,1,1,0,2153,2153,27,2026-05-25T14:25:39.939Z
ko-0254,268,1,1,0,4693,4693,18,2026-05-25T13:50:53.005Z
ko-0256,210,2,0,2,5781,4674,-20,2026-05-25T20:17:06.138Z
ko-0258,273,1,1,0,3262,3262,23,2026-05-25T20:14:26.397Z
ko-0260,272,1,1,0,3569,3569,22,2026-05-25T13:47:59.784Z
ko-0262,278,1,1,0,1987,1987,28,2026-05-25T13:13:39.080Z
ko-0264,269,1,1,0,4395,4395,19,2026-05-25T13:28:32.104Z
ko-0265,274,1,1,0,3036,3036,24,2026-05-25T13:41:33.913Z
ko-0267,296,2,2,0,3320,4445,19,2026-05-25T20:18:43.665Z
ko-0268,302,2,2,0,2574,2262,27,2026-05-25T14:25:13.537Z
ko-0269,253,2,1,1,8929,14499,-20,2026-05-25T15:24:12.544Z
ko-0270,277,1,1,0,2228,2228,27,2026-05-25T20:30:53.880Z
ko-0272,286,2,2,0,4743,7030,10,2026-05-25T20:34:03.142Z
ko-0273,331,3,3,0,2108,4039,20,2026-05-25T14:43:32.925Z
ko-0274,230,1,0,1,1830,1830,-20,2026-05-25T14:43:25.348Z
ko-0275,309,4,3,1,1722,2740,25,2026-05-25T20:19:00.156Z
ko-0279,274,1,1,0,3195,3195,24,2026-05-25T13:25:33.417Z
ko-0280,278,1,1,0,2019,2019,28,2026-05-25T14:26:19.677Z
ko-0283,331,3,3,0,2280,1381,30,2026-05-25T20:18:09.977Z
ko-0284,272,1,1,0,3569,3569,22,2026-05-25T13:50:47.677Z
ko-0287,277,1,1,0,2382,2382,27,2026-05-25T13:21:53.763Z
ko-0289,273,1,1,0,3389,3389,23,2026-05-25T20:15:54.221Z
ko-0290,309,2,2,0,1611,1242,31,2026-05-25T20:17:44.398Z
ko-0291,232,3,1,2,7167,15426,-20,2026-05-25T20:24:46.778Z
ko-0292,230,1,0,1,4117,4117,-20,2026-05-25T14:43:20.271Z
ko-0294,273,1,1,0,3473,3473,23,2026-05-25T13:44:55.797Z
ko-0297,256,3,2,1,6722,6123,-20,2026-05-25T20:28:31.034Z
ko-0299,250,2,1,1,5062,5880,-20,2026-05-25T20:33:06.784Z
ko-0300,308,2,2,0,1553,1,34,2026-05-25T13:48:47.266Z
ko-0301,274,1,1,0,3091,3091,24,2026-05-25T15:22:47.669Z
ko-0303,271,1,1,0,3974,3974,21,2026-05-25T14:45:15.705Z
ko-0306,280,1,1,0,1445,1445,30,2026-05-25T20:19:22.939Z
ko-0308,281,2,2,0,5385,2900,25,2026-05-25T14:26:17.064Z
ko-0310,230,1,0,1,4876,4876,-20,2026-05-25T20:23:34.713Z
ko-0311,286,4,3,1,6123,4958,17,2026-05-25T20:22:00.926Z
ko-0312,262,3,2,1,17382,3885,21,2026-05-25T20:31:28.601Z
ko-0314,305,2,2,0,2178,1993,28,2026-05-25T14:28:29.880Z
ko-0315,275,1,1,0,2801,2801,25,2026-05-25T20:15:32.669Z
ko-0318,230,1,0,1,21923,21923,-20,2026-05-25T13:43:49.698Z
ko-0319,257,1,1,0,7720,7720,7,2026-05-25T13:23:15.148Z
ko-0320,258,2,1,1,4968,2109,28,2026-05-25T13:23:36.141Z
ko-0321,230,1,0,1,9574,9574,-20,2026-05-25T14:43:50.188Z
ko-0322,278,1,1,0,2032,2032,28,2026-05-25T14:15:02.846Z
ko-0323,329,3,3,0,2447,1646,29,2026-05-25T20:32:51.157Z
ko-0324,278,2,2,0,5830,7997,6,2026-05-25T20:33:47.235Z
ko-0325,278,1,1,0,1970,1970,28,2026-05-25T13:41:36.516Z
ko-0326,281,1,1,0,1238,1238,31,2026-05-25T20:33:13.718Z
ko-0327,255,2,1,1,6030,2853,25,2026-05-25T20:34:27.867Z
ko-0329,308,2,2,0,1640,1682,29,2026-05-25T14:45:18.169Z
ko-0332,256,1,1,0,31487,31487,6,2026-05-25T13:54:09.483Z
ko-0333,278,1,1,0,1969,1969,28,2026-05-25T20:18:06.522Z
ko-0334,236,2,1,1,6024,7984,6,2026-05-25T13:28:58.896Z
ko-0337,256,1,1,0,13390,13390,6,2026-05-25T13:49:18.511Z
ko-0339,311,2,2,0,1118,1,34,2026-05-25T13:48:04.044Z
ko-0341,276,1,1,0,2407,2407,26,2026-05-25T13:24:10.019Z
ko-0342,271,1,1,0,3819,3819,21,2026-05-25T20:31:47.141Z
ko-0343,273,2,2,0,6549,6924,10,2026-05-25T20:22:14.563Z
ko-0344,279,1,1,0,1733,1733,29,2026-05-25T14:29:25.857Z
ko-0347,281,1,1,0,1193,1193,31,2026-05-25T20:25:43.668Z
ko-0348,274,1,1,0,3199,3199,24,2026-05-25T13:28:10.435Z
ko-0349,278,1,1,0,2049,2049,28,2026-05-25T13:50:11.537Z
ko-0351,230,1,0,1,3380,3380,-20,2026-05-25T20:16:23.244Z
ko-0352,230,1,0,1,5212,5212,-20,2026-05-25T14:44:29.762Z
ko-0353,251,2,1,1,2300,713,-20,2026-05-25T20:22:17.914Z
ko-0354,294,2,2,0,3601,2181,27,2026-05-25T14:43:59.437Z
ko-0357,281,2,2,0,6004,2938,25,2026-05-25T20:34:06.857Z
ko-0360,270,1,1,0,4071,4071,20,2026-05-25T13:46:43.330Z
ko-0361,256,1,1,0,8716,8716,6,2026-05-25T20:17:31.807Z
ko-0363,230,1,0,1,2280,2280,-20,2026-05-25T14:28:54.535Z
ko-0364,303,2,2,0,2436,1939,28,2026-05-25T14:44:02.034Z
ko-0365,295,2,2,0,3507,1358,30,2026-05-25T20:19:25.836Z
ko-0366,269,1,1,0,4339,4339,19,2026-05-25T13:22:02.971Z
ko-0367,297,2,2,0,3223,3730,22,2026-05-25T14:43:15.607Z
ko-0369,259,1,1,0,7274,7274,9,2026-05-25T20:15:48.046Z
ko-0370,281,1,1,0,1269,1269,31,2026-05-25T20:14:53.650Z
ko-0371,269,1,1,0,4314,4314,19,2026-05-25T13:48:52.169Z
ko-0372,295,2,2,0,3456,2310,27,2026-05-25T20:16:18.706Z
ko-0374,260,1,1,0,6810,6810,10,2026-05-25T20:22:31.622Z
ko-0376,261,1,1,0,6751,6751,11,2026-05-25T13:42:14.604Z
ko-0377,241,2,1,1,5219,3809,-20,2026-05-25T20:21:47.055Z
ko-0378,310,2,2,0,1405,376,34,2026-05-25T20:31:49.108Z
ko-0380,313,2,2,0,1082,394,34,2026-05-25T20:26:23.816Z
ko-0381,230,1,0,1,10543,10543,-20,2026-05-25T14:29:55.537Z
ko-0382,280,1,1,0,1388,1388,30,2026-05-25T13:21:57.940Z
ko-0384,285,3,2,1,2878,2564,26,2026-05-25T20:28:18.076Z
ko-0389,275,1,1,0,2860,2860,25,2026-05-25T14:28:27.549Z
ko-0391,276,1,1,0,2574,2574,26,2026-05-25T15:22:39.150Z
ko-0392,273,1,1,0,3365,3365,23,2026-05-25T20:33:31.880Z
ko-0394,264,2,1,1,1,1,34,2026-05-25T13:42:26.762Z
ko-0395,246,2,1,1,15228,25260,-20,2026-05-25T20:29:44.407Z
ko-0396,300,2,2,0,2819,1749,29,2026-05-25T20:21:01.245Z
ko-0399,275,1,1,0,2673,2673,25,2026-05-25T13:50:35.128Z
ko-0402,294,2,2,0,3724,4020,21,2026-05-25T13:42:07.184Z
ko-0403,300,2,2,0,2879,2824,25,2026-05-25T20:20:33.119Z
ko-0405,275,6,3,3,902,687,33,2026-05-25T20:31:51.431Z
ko-0406,299,2,2,0,2941,2842,25,2026-05-25T20:20:55.329Z
ko-0407,304,2,2,0,2231,1697,29,2026-05-25T20:17:49.855Z
ko-0409,267,1,1,0,4895,4895,17,2026-05-25T14:14:21.662Z
ko-0410,266,1,1,0,5148,5148,16,2026-05-25T20:18:30.689Z
ko-0413,282,2,2,0,5173,4922,17,2026-05-25T20:34:23.533Z
ko-0415,260,1,1,0,6971,6971,10,2026-05-25T14:42:28.132Z
ko-0417,278,4,3,1,10085,3287,23,2026-05-25T20:26:18.068Z
ko-0418,247,2,1,1,6514,8104,-20,2026-05-25T20:24:24.396Z
ko-0420,259,1,1,0,7315,7315,9,2026-05-25T14:14:10.962Z
ko-0422,318,4,4,0,5009,3996,21,2026-05-25T20:15:39.142Z
ko-0423,288,2,2,0,4552,1240,31,2026-05-25T20:31:22.481Z
ko-0425,307,2,2,0,1616,3231,23,2026-05-25T13:41:52.083Z
ko-0426,230,1,0,1,23817,23817,-20,2026-05-25T20:29:09.243Z
ko-0427,289,2,2,0,4212,1338,30,2026-05-25T13:27:31.359Z
ko-0428,275,2,2,0,8643,4584,19,2026-05-25T20:25:39.840Z
ko-0431,301,2,2,0,2744,683,33,2026-05-25T20:32:05.049Z
ko-0433,278,1,1,0,1939,1939,28,2026-05-25T15:22:33.789Z
ko-0436,278,1,1,0,1942,1942,28,2026-05-25T14:25:10.787Z
ko-0437,276,1,1,0,2635,2635,26,2026-05-25T20:16:55.072Z
ko-0438,264,2,1,1,1,1,34,2026-05-25T13:23:46.469Z
ko-0439,311,3,3,0,4675,10116,6,2026-05-25T20:32:26.053Z
ko-0440,296,2,2,0,3402,4974,17,2026-05-25T20:27:58.558Z
ko-0441,281,2,2,0,8163,2792,25,2026-05-25T20:32:43.827Z
ko-0442,265,1,1,0,5429,5429,15,2026-05-25T20:14:49.810Z
ko-0445,290,2,2,0,4256,4565,19,2026-05-25T20:28:13.560Z
ko-0446,278,1,1,0,1920,1920,28,2026-05-25T13:48:39.214Z
ko-0450,256,1,1,0,10362,10362,6,2026-05-25T13:45:44.405Z
ko-0451,276,1,1,0,2633,2633,26,2026-05-25T13:26:15.976Z
ko-0452,275,3,2,1,5639,2755,25,2026-05-25T20:18:22.510Z
ko-0453,230,1,0,1,5212,5212,-20,2026-05-25T20:17:56.978Z
ko-0455,268,1,1,0,4743,4743,18,2026-05-25T20:14:35.318Z
ko-0457,276,2,2,0,6605,4208,20,2026-05-25T14:42:45.446Z
ko-0458,276,1,1,0,2641,2641,26,2026-05-25T20:25:34.343Z
ko-0459,265,2,2,0,12537,7295,9,2026-05-25T14:26:55.238Z
ko-0463,267,1,1,0,5068,5068,17,2026-05-25T13:25:04.285Z
ko-0464,273,1,1,0,3285,3285,23,2026-05-25T20:30:47.010Z
ko-0465,298,2,2,0,3085,2214,27,2026-05-25T20:31:58.157Z
ko-0466,273,1,1,0,3440,3440,23,2026-05-25T20:20:03.008Z
ko-0467,308,2,2,0,1545,1,34,2026-05-25T13:50:39.682Z
ko-0469,276,1,1,0,2463,2463,26,2026-05-25T20:28:22.647Z
ko-0471,296,2,2,0,3408,4463,19,2026-05-25T20:26:36.254Z
ko-0474,230,1,0,1,3342,3342,-20,2026-05-25T20:30:35.991Z
ko-0475,302,2,2,0,2636,2656,26,2026-05-25T14:29:14.244Z
ko-0476,297,2,2,0,3141,3553,22,2026-05-25T15:24:25.260Z
ko-0477,272,1,1,0,3743,3743,22,2026-05-25T14:38:20.678Z
ko-0478,277,1,1,0,2141,2141,27,2026-05-25T20:32:46.903Z
ko-0479,230,1,0,1,3157,3157,-20,2026-05-25T20:19:17.528Z
ko-0482,210,2,0,2,6406,5145,-20,2026-05-25T20:31:36.225Z
ko-0483,247,2,1,1,4967,5013,17,2026-05-25T20:15:27.005Z
ko-0485,252,2,1,1,5108,3708,22,2026-05-25T20:33:27.654Z
ko-0487,230,1,0,1,7111,7111,-20,2026-05-25T20:27:27.139Z
ko-0488,256,1,1,0,8824,8824,6,2026-05-25T14:29:04.879Z
ko-0489,228,5,2,3,9785,18511,-20,2026-05-25T20:27:01.484Z
ko-0490,226,6,3,3,11784,5238,16,2026-05-25T14:15:27.211Z
ko-0493,271,1,1,0,3875,3875,21,2026-05-25T14:28:48.859Z
ko-0496,275,1,1,0,2756,2756,25,2026-05-25T14:27:47.251Z
ko-0497,282,1,1,0,915,915,32,2026-05-25T13:29:43.478Z
ko-0498,275,1,1,0,2887,2887,25,2026-05-25T13:26:19.188Z
ko-0499,263,1,1,0,5986,5986,13,2026-05-25T13:24:41.674Z
