id,korean,english,japanese,dutch,pos,topic,notes
ko-0001,나,I; me,私,ik; mij,pronoun,people,
ko-0002,저,I; me polite,私,ik; mij (beleefd),pronoun,people,
ko-0003,너,you,君,jij; je,pronoun,people,
ko-0004,당신,you,あなた,u; jij,pronoun,people,
ko-0005,우리,we; our,私たち,wij; ons/onze,pronoun,people,
ko-0006,여러분,everyone,皆さん,iedereen,pronoun,people,
ko-0007,그,he; that,彼;その,hij; die; dat,pronoun,people,
ko-0008,그녀,she,彼女,zij; haar,pronoun,people,
ko-0009,사람,person,人,persoon,noun,people,
ko-0010,남자,man,男,man,noun,people,
ko-0011,여자,woman,女,vrouw,noun,people,
ko-0012,아이,child,子ども,kind,noun,people,
ko-0013,친구,friend,友達,vriend,noun,people,
ko-0014,가족,family,家族,familie; gezin,noun,people,
ko-0015,부모,parents,両親,ouders,noun,people,
ko-0016,아버지,father,父,vader,noun,people,
ko-0017,어머니,mother,母,moeder,noun,people,
ko-0018,형,older brother for male,兄,oudere broer voor mannelijke spreker,noun,people,
ko-0019,오빠,older brother for female,兄,oudere broer voor vrouwelijke spreker,noun,people,
ko-0020,누나,older sister for male,姉,oudere zus voor mannelijke spreker,noun,people,
ko-0021,언니,older sister for female,姉,oudere zus voor vrouwelijke spreker,noun,people,
ko-0022,동생,younger sibling,弟妹,jongere broer of zus,noun,people,
ko-0023,아들,son,息子,zoon,noun,people,
ko-0024,딸,daughter,娘,dochter,noun,people,
ko-0025,남편,husband,夫,echtgenoot; man,noun,people,
ko-0026,아내,wife,妻,echtgenote; vrouw,noun,people,
ko-0027,선생님,teacher,先生,leraar; docent,noun,people,
ko-0028,학생,student,学生,student; leerling,noun,people,
ko-0029,의사,doctor,医者,dokter; arts,noun,people,
ko-0030,이름,name,名前,naam,noun,people,
ko-0031,나이,age,年齢,leeftijd,noun,people,
ko-0032,생일,birthday,誕生日,verjaardag,noun,people,
ko-0033,고향,hometown,故郷,geboorteplaats; thuisstad,noun,people,
ko-0034,나라,country,国,land,noun,place,
ko-0035,한국,Korea,韓国,Korea,noun,place,
ko-0036,일본,Japan,日本,Japan,noun,place,
ko-0037,미국,United States,アメリカ,Verenigde Staten,noun,place,
ko-0038,이것,this thing,これ,dit ding,pronoun,basic,
ko-0039,그것,that thing,それ,dat ding,pronoun,basic,
ko-0040,저것,that thing over there,あれ,dat ding daar,pronoun,basic,
ko-0041,여기,here,ここ,hier,pronoun,basic,
ko-0042,거기,there,そこ,daar,pronoun,basic,
ko-0043,저기,over there,あそこ,daarginds,pronoun,basic,
ko-0044,무엇,what,何,wat,pronoun,basic,
ko-0045,누구,who,誰,wie,pronoun,basic,
ko-0046,언제,when,いつ,wanneer,adverb,basic,
ko-0047,어디,where,どこ,waar,adverb,basic,
ko-0048,왜,why,なぜ,waarom,adverb,basic,
ko-0049,어떻게,how,どうやって,hoe,adverb,basic,
ko-0050,얼마,how much,いくら,hoeveel,adverb,basic,
ko-0051,몇,how many,いくつ,hoeveel,determiner,basic,
ko-0052,네,yes,はい,ja,interjection,basic,
ko-0053,아니요,no,いいえ,nee,interjection,basic,
ko-0054,안녕,hello; goodbye,こんにちは;さようなら,hallo; dag,interjection,basic,
ko-0055,감사합니다,thank you,ありがとうございます,dank u; bedankt,phrase,basic,
ko-0056,죄송합니다,I am sorry,すみません,het spijt me,phrase,basic,
ko-0057,괜찮아요,it is okay,大丈夫です,het is oké,phrase,basic,
ko-0058,제발,please,どうか,alstublieft; alsjeblieft,adverb,basic,
ko-0059,다시,again,また,opnieuw; weer,adverb,basic,
ko-0060,지금,now,今,nu,adverb,time,
ko-0061,오늘,today,今日,vandaag,noun,time,
ko-0062,어제,yesterday,昨日,gisteren,noun,time,
ko-0063,내일,tomorrow,明日,morgen,noun,time,
ko-0064,모레,the day after tomorrow,明後日,overmorgen,noun,time,
ko-0065,아침,morning; breakfast,朝;朝食,ochtend; ontbijt,noun,time,
ko-0066,점심,lunch; noon,昼食;昼,lunch; middag,noun,time,
ko-0067,저녁,evening; dinner,夕方;夕食,avond; avondeten,noun,time,
ko-0068,밤,night,夜,nacht,noun,time,
ko-0069,낮,daytime,昼間,dagtijd,noun,time,
ko-0070,새벽,dawn,明け方,dageraad,noun,time,
ko-0071,시간,time; hour,時間,tijd; uur,noun,time,
ko-0072,분,minute,分,minuut,noun,time,
ko-0073,초,second,秒,seconde,noun,time,
ko-0074,날,day,日,dag,noun,time,
ko-0075,주,week,週,week,noun,time,
ko-0076,달,month; moon,月,maand; maan,noun,time,
ko-0077,년,year,年,jaar,noun,time,
ko-0078,월요일,Monday,月曜日,maandag,noun,time,
ko-0079,화요일,Tuesday,火曜日,dinsdag,noun,time,
ko-0080,수요일,Wednesday,水曜日,woensdag,noun,time,
ko-0081,목요일,Thursday,木曜日,donderdag,noun,time,
ko-0082,금요일,Friday,金曜日,vrijdag,noun,time,
ko-0083,토요일,Saturday,土曜日,zaterdag,noun,time,
ko-0084,일요일,Sunday,日曜日,zondag,noun,time,
ko-0085,봄,spring,春,lente,noun,time,
ko-0086,여름,summer,夏,zomer,noun,time,
ko-0087,가을,autumn,秋,herfst,noun,time,
ko-0088,겨울,winter,冬,winter,noun,time,
ko-0089,오전,morning before noon,午前,voormiddag,noun,time,
ko-0090,오후,afternoon,午後,middag; namiddag,noun,time,
ko-0091,주말,weekend,週末,weekend,noun,time,
ko-0092,평일,weekday,平日,werkdag,noun,time,
ko-0093,휴일,holiday,休日,feestdag; vakantie,noun,time,
ko-0094,먼저,first; before,先に,eerst; ervoor,adverb,time,
ko-0095,나중에,later,後で,later,adverb,time,
ko-0096,항상,always,いつも,altijd,adverb,time,
ko-0097,가끔,sometimes,時々,soms,adverb,time,
ko-0098,자주,often,よく,vaak,adverb,time,
ko-0099,빨리,quickly,早く,snel,adverb,time,
ko-0100,천천히,slowly,ゆっくり,langzaam,adverb,time,
ko-0101,하나,one,一つ,één,numeral,number,
ko-0102,둘,two,二つ,twee,numeral,number,
ko-0103,셋,three,三つ,drie,numeral,number,
ko-0104,넷,four,四つ,vier,numeral,number,
ko-0105,다섯,five,五つ,vijf,numeral,number,
ko-0106,여섯,six,六つ,zes,numeral,number,
ko-0107,일곱,seven,七つ,zeven,numeral,number,
ko-0108,여덟,eight,八つ,acht,numeral,number,
ko-0109,아홉,nine,九つ,negen,numeral,number,
ko-0110,열,ten,十,tien,numeral,number,homonym of fever
ko-0111,백,hundred,百,honderd,numeral,number,
ko-0112,천,thousand,千,duizend,numeral,number,
ko-0113,만,ten thousand,万,tienduizend,numeral,number,
ko-0114,첫째,first,第一,eerste,numeral,number,
ko-0115,둘째,second,第二,tweede,numeral,number,
ko-0116,조금,a little,少し,een beetje,adverb,quantity,
ko-0117,많이,much; many,たくさん,veel,adverb,quantity,
ko-0118,모두,all; everyone,全部;皆,alles; iedereen,noun,quantity,
ko-0119,전부,all,全部,alles,noun,quantity,
ko-0120,반,half,半分,helft,noun,quantity,
ko-0121,개,item counter,個,teller voor stuks,counter,quantity,homonym of dog
ko-0122,명,people counter,名,teller voor personen,counter,quantity,
ko-0123,번,time counter; number,回;番,teller voor keren; nummer,counter,quantity,
ko-0124,원,won,ウォン,won,noun,money,
ko-0125,돈,money,お金,geld,noun,money,
ko-0126,값,price,価格,prijs,noun,money,
ko-0127,무료,free of charge,無料,gratis,noun,money,
ko-0128,비싸다,expensive,高い,duur,adjective,quality,
ko-0129,싸다,cheap,安い,goedkoop,adjective,quality,
ko-0130,많다,many; much,多い,veel,adjective,quantity,
ko-0131,적다,few; little,少ない,weinig,adjective,quantity,
ko-0132,크다,big,大きい,groot,adjective,quality,
ko-0133,작다,small,小さい,klein,adjective,quality,
ko-0134,길다,long,長い,lang,adjective,quality,
ko-0135,짧다,short,短い,kort,adjective,quality,
ko-0136,높다,high,高い,hoog,adjective,quality,
ko-0137,낮다,low,低い,laag,adjective,quality,
ko-0138,무겁다,heavy,重い,zwaar,adjective,quality,
ko-0139,가볍다,light weight,軽い,licht (gewicht),adjective,quality,
ko-0140,빠르다,fast,速い,snel,adjective,quality,
ko-0141,음식,food,食べ物,eten; voedsel,noun,food,
ko-0142,밥,rice; meal,ご飯,rijst; maaltijd,noun,food,
ko-0143,물,water,水,water,noun,food,
ko-0144,차,tea; car,お茶;車,thee; auto,noun,food,
ko-0145,커피,coffee,コーヒー,koffie,noun,food,
ko-0146,우유,milk,牛乳,melk,noun,food,
ko-0147,주스,juice,ジュース,sap,noun,food,
ko-0148,술,alcohol,お酒,alcohol,noun,food,
ko-0149,맥주,beer,ビール,bier,noun,food,
ko-0150,고기,meat,肉,vlees,noun,food,
ko-0151,소고기,beef,牛肉,rundvlees,noun,food,
ko-0152,돼지고기,pork,豚肉,varkensvlees,noun,food,
ko-0153,닭고기,chicken meat,鶏肉,kippenvlees,noun,food,
ko-0154,생선,fish as food,魚,vis (als eten),noun,food,
ko-0155,계란,egg,卵,ei,noun,food,
ko-0156,빵,bread,パン,brood,noun,food,
ko-0157,떡,rice cake,餅,rijstcake,noun,food,
ko-0158,국,soup,スープ,soep,noun,food,
ko-0159,김치,kimchi,キムチ,kimchi,noun,food,
ko-0160,라면,ramen,ラーメン,ramen,noun,food,
ko-0161,국수,noodles,麺,noedels,noun,food,
ko-0162,과일,fruit,果物,fruit,noun,food,
ko-0163,사과,apple,りんご,appel,noun,food,
ko-0164,바나나,banana,バナナ,banaan,noun,food,
ko-0165,오렌지,orange,オレンジ,sinaasappel,noun,food,
ko-0166,딸기,strawberry,いちご,aardbei,noun,food,
ko-0167,포도,grapes,ぶどう,druiven,noun,food,
ko-0168,채소,vegetables,野菜,groenten,noun,food,
ko-0169,감자,potato,じゃがいも,aardappel,noun,food,
ko-0170,고구마,sweet potato,さつまいも,zoete aardappel,noun,food,
ko-0171,당근,carrot,にんじん,wortel,noun,food,
ko-0172,양파,onion,玉ねぎ,ui,noun,food,
ko-0173,마늘,garlic,にんにく,knoflook,noun,food,
ko-0174,소금,salt,塩,zout,noun,food,
ko-0175,설탕,sugar,砂糖,suiker,noun,food,
ko-0176,맛,taste,味,smaak,noun,food,
ko-0177,달다,sweet,甘い,zoet,adjective,food,
ko-0178,짜다,salty,塩辛い,zout,adjective,food,
ko-0179,맵다,spicy,辛い,pittig,adjective,food,
ko-0180,쓰다,bitter,苦い,bitter,adjective,food,taste adjective
ko-0181,시다,sour,酸っぱい,zuur,adjective,food,
ko-0182,맛있다,delicious,おいしい,lekker,adjective,food,
ko-0183,맛없다,not tasty,おいしくない,niet lekker,adjective,food,
ko-0184,배고프다,hungry,お腹がすいた,hongerig,adjective,food,
ko-0185,목마르다,thirsty,喉が渇いた,dorstig,adjective,food,
ko-0186,먹다,to eat,食べる,eten,verb,food,
ko-0187,마시다,to drink,飲む,drinken,verb,food,
ko-0188,요리하다,to cook,料理する,koken,verb,food,
ko-0189,주문하다,to order,注文する,bestellen,verb,food,
ko-0190,사다,to buy,買う,kopen,verb,shopping,
ko-0191,팔다,to sell,売る,verkopen,verb,shopping,
ko-0192,식당,restaurant,レストラン,restaurant,noun,food,
ko-0193,카페,cafe,カフェ,café,noun,food,
ko-0194,메뉴,menu,メニュー,menu,noun,food,
ko-0195,접시,plate,皿,bord,noun,food,
ko-0196,컵,cup,コップ,kopje; beker,noun,food,
ko-0197,숟가락,spoon,スプーン,lepel,noun,food,
ko-0198,젓가락,chopsticks,箸,eetstokjes,noun,food,
ko-0199,냉장고,refrigerator,冷蔵庫,koelkast,noun,home,
ko-0200,부엌,kitchen,台所,keuken,noun,home,
ko-0201,집,house; home,家,huis; thuis,noun,home,
ko-0202,방,room,部屋,kamer,noun,home,
ko-0203,거실,living room,居間,woonkamer,noun,home,
ko-0204,화장실,restroom; bathroom,トイレ;浴室,toilet; badkamer,noun,home,
ko-0205,문,door,ドア,deur,noun,home,
ko-0206,창문,window,窓,raam,noun,home,
ko-0207,바닥,floor,床,vloer,noun,home,
ko-0208,벽,wall,壁,muur,noun,home,
ko-0209,천장,ceiling,天井,plafond,noun,home,
ko-0210,침대,bed,ベッド,bed,noun,home,
ko-0211,의자,chair,椅子,stoel,noun,home,
ko-0212,책상,desk,机,bureau,noun,home,
ko-0213,탁자,table,テーブル,tafel,noun,home,
ko-0214,소파,sofa,ソファ,bank; sofa,noun,home,
ko-0215,옷,clothes,服,kleren,noun,home,
ko-0216,신발,shoes,靴,schoenen,noun,home,
ko-0217,가방,bag,かばん,tas,noun,home,
ko-0218,지갑,wallet,財布,portemonnee,noun,home,
ko-0219,열쇠,key,鍵,sleutel,noun,home,
ko-0220,시계,clock; watch,時計,klok; horloge,noun,home,
ko-0221,전화,phone,電話,telefoon,noun,home,
ko-0222,휴대폰,mobile phone,携帯電話,mobiele telefoon,noun,home,
ko-0223,컴퓨터,computer,コンピューター,computer,noun,home,
ko-0224,텔레비전,television,テレビ,televisie,noun,home,
ko-0225,책,book,本,boek,noun,home,
ko-0226,종이,paper,紙,papier,noun,home,
ko-0227,펜,pen,ペン,pen,noun,home,
ko-0228,사진,photo,写真,foto,noun,home,
ko-0229,그림,picture; drawing,絵,afbeelding; tekening,noun,home,
ko-0230,음악,music,音楽,muziek,noun,home,
ko-0231,영화,movie,映画,film,noun,home,
ko-0232,게임,game,ゲーム,spel,noun,home,
ko-0233,선물,gift,プレゼント,cadeau,noun,home,
ko-0234,약,medicine,薬,medicijn,noun,health,
ko-0235,동전,coin,硬貨,munt,noun,money,
ko-0236,우산,umbrella,傘,paraplu,noun,home,
ko-0237,안경,glasses,眼鏡,bril,noun,home,
ko-0238,모자,hat,帽子,hoed,noun,clothing,
ko-0239,셔츠,shirt,シャツ,shirt; overhemd,noun,clothing,
ko-0240,바지,pants,ズボン,broek,noun,clothing,
ko-0241,치마,skirt,スカート,rok,noun,clothing,
ko-0242,코트,coat,コート,jas,noun,clothing,
ko-0243,양말,socks,靴下,sokken,noun,clothing,
ko-0244,손수건,handkerchief,ハンカチ,zakdoek,noun,home,
ko-0245,비누,soap,石鹸,zeep,noun,home,
ko-0246,수건,towel,タオル,handdoek,noun,home,
ko-0247,칫솔,toothbrush,歯ブラシ,tandenborstel,noun,home,
ko-0248,치약,toothpaste,歯磨き粉,tandpasta,noun,home,
ko-0249,전등,lamp; light,電灯,lamp; licht,noun,home,
ko-0250,에어컨,air conditioner,エアコン,airconditioner,noun,home,
ko-0251,세탁기,washing machine,洗濯機,wasmachine,noun,home,
ko-0252,청소기,vacuum cleaner,掃除機,stofzuiger,noun,home,
ko-0253,가위,scissors,はさみ,schaar,noun,home,
ko-0254,칼,knife,包丁;ナイフ,mes,noun,home,
ko-0255,상자,box,箱,doos,noun,home,
ko-0256,봉투,envelope; bag,封筒;袋,envelop; zak,noun,home,
ko-0257,병,bottle,瓶,fles,noun,home,homonym of illness
ko-0258,쓰레기,trash,ごみ,afval,noun,home,
ko-0259,불,fire; light,火;明かり,vuur; licht,noun,home,
ko-0260,물건,thing; object,物,ding; voorwerp,noun,home,
ko-0261,학교,school,学校,school,noun,place,
ko-0262,회사,company,会社,bedrijf,noun,place,
ko-0263,사무실,office,事務所,kantoor,noun,place,
ko-0264,병원,hospital,病院,ziekenhuis,noun,place,
ko-0265,약국,pharmacy,薬局,apotheek,noun,place,
ko-0266,은행,bank,銀行,bank,noun,place,
ko-0267,우체국,post office,郵便局,postkantoor,noun,place,
ko-0268,가게,store,店,winkel,noun,place,
ko-0269,시장,market,市場,markt,noun,place,
ko-0270,슈퍼마켓,supermarket,スーパー,supermarkt,noun,place,
ko-0271,편의점,convenience store,コンビニ,gemakswinkel,noun,place,
ko-0272,도서관,library,図書館,bibliotheek,noun,place,
ko-0273,박물관,museum,博物館,museum,noun,place,
ko-0274,공원,park,公園,park,noun,place,
ko-0275,영화관,movie theater,映画館,bioscoop,noun,place,
ko-0276,역,station,駅,station,noun,transport,
ko-0277,공항,airport,空港,luchthaven; vliegveld,noun,transport,
ko-0278,버스,bus,バス,bus,noun,transport,
ko-0279,지하철,subway,地下鉄,metro,noun,transport,
ko-0280,기차,train,電車;列車,trein,noun,transport,
ko-0281,택시,taxi,タクシー,taxi,noun,transport,
ko-0282,자동차,car,車,auto,noun,transport,
ko-0283,자전거,bicycle,自転車,fiets,noun,transport,
ko-0284,길,road; way,道,weg,noun,place,
ko-0285,거리,street; distance,通り;距離,straat; afstand,noun,place,
ko-0286,교차로,intersection,交差点,kruispunt,noun,place,
ko-0287,도시,city,都市,stad,noun,place,
ko-0288,마을,village; town,町;村,dorp; stadje,noun,place,
ko-0289,바다,sea,海,zee,noun,nature,
ko-0290,산,mountain,山,berg,noun,nature,
ko-0291,강,river,川,rivier,noun,nature,
ko-0292,섬,island,島,eiland,noun,nature,
ko-0293,앞,front,前,voorkant; voor,noun,direction,
ko-0294,뒤,back; behind,後ろ,achterkant; achter,noun,direction,
ko-0295,옆,side; next to,横,zijkant; naast,noun,direction,
ko-0296,안,inside,中,binnenkant,noun,direction,
ko-0297,밖,outside,外,buitenkant,noun,direction,
ko-0298,위,above; top,上,boven; top,noun,direction,
ko-0299,아래,below; under,下,onder; beneden,noun,direction,
ko-0300,왼쪽,left,左,links,noun,direction,
ko-0301,오른쪽,right,右,rechts,noun,direction,
ko-0302,북쪽,north,北,noorden,noun,direction,
ko-0303,남쪽,south,南,zuiden,noun,direction,
ko-0304,동쪽,east,東,oosten,noun,direction,
ko-0305,서쪽,west,西,westen,noun,direction,
ko-0306,가다,to go,行く,gaan,verb,movement,
ko-0307,오다,to come,来る,komen,verb,movement,
ko-0308,타다,to ride,乗る,rijden,verb,transport,
ko-0309,내리다,to get off,降りる,uitstappen,verb,transport,
ko-0310,걷다,to walk,歩く,wandelen; lopen,verb,movement,
ko-0311,뛰다,to run,走る,rennen,verb,movement,
ko-0312,운전하다,to drive,運転する,rijden; besturen,verb,transport,
ko-0313,찾다,to find; search,探す,vinden; zoeken,verb,basic,
ko-0314,만나다,to meet,会う,ontmoeten,verb,people,
ko-0315,기다리다,to wait,待つ,wachten,verb,basic,
ko-0316,도착하다,to arrive,到着する,aankomen,verb,transport,
ko-0317,출발하다,to depart,出発する,vertrekken,verb,transport,
ko-0318,들어가다,to enter,入る,binnengaan; binnenkomen,verb,movement,
ko-0319,나오다,to come out,出る,naar buiten komen,verb,movement,
ko-0320,지나가다,to pass by,通り過ぎる,voorbijgaan,verb,movement,
ko-0321,하늘,sky,空,lucht; hemel,noun,nature,
ko-0322,해,sun,太陽,zon,noun,nature,
ko-0323,별,star,星,ster,noun,nature,
ko-0324,구름,cloud,雲,wolk,noun,nature,
ko-0325,비,rain,雨,regen,noun,nature,
ko-0326,눈,snow; eye,雪;目,sneeuw; oog,noun,nature,
ko-0327,바람,wind,風,wind,noun,nature,
ko-0328,날씨,weather,天気,weer,noun,weather,
ko-0329,기온,temperature,気温,temperatuur,noun,weather,
ko-0330,춥다,cold weather,寒い,koud weer,adjective,weather,
ko-0331,덥다,hot weather,暑い,warm weer,adjective,weather,
ko-0332,따뜻하다,warm,暖かい,warm,adjective,weather,
ko-0333,시원하다,cool; refreshing,涼しい,koel; verfrissend,adjective,weather,
ko-0334,흐리다,cloudy,曇っている,bewolkt,adjective,weather,
ko-0335,맑다,clear; sunny,晴れている,helder; zonnig,adjective,weather,
ko-0336,젖다,to get wet,濡れる,nat worden,verb,weather,
ko-0337,마르다,to dry,乾く,drogen,verb,weather,
ko-0338,피다,to bloom,咲く,bloeien,verb,nature,
ko-0339,꽃,flower,花,bloem,noun,nature,
ko-0340,나무,tree,木,boom,noun,nature,
ko-0341,잎,leaf,葉,blad,noun,nature,
ko-0342,풀,grass,草,gras,noun,nature,
ko-0343,돌,stone,石,steen,noun,nature,
ko-0344,흙,soil,土,aarde; grond,noun,nature,
ko-0345,숲,forest,森,bos,noun,nature,
ko-0346,동물,animal,動物,dier,noun,animal,
ko-0347,개,dog,犬,hond,noun,animal,homonym of item counter
ko-0348,고양이,cat,猫,kat,noun,animal,
ko-0349,새,bird,鳥,vogel,noun,animal,
ko-0350,물고기,fish,魚,vis,noun,animal,
ko-0351,말,horse; words,馬;言葉,paard; woorden,noun,animal,
ko-0352,소,cow,牛,koe,noun,animal,
ko-0353,돼지,pig,豚,varken,noun,animal,
ko-0354,닭,chicken,鶏,kip,noun,animal,
ko-0355,벌레,insect,虫,insect,noun,animal,
ko-0356,파도,wave,波,golf,noun,nature,
ko-0357,모래,sand,砂,zand,noun,nature,
ko-0358,호수,lake,湖,meer,noun,nature,
ko-0359,비가 오다,to rain,雨が降る,het regent,phrase,weather,
ko-0360,눈이 오다,to snow,雪が降る,het sneeuwt,phrase,weather,
ko-0361,지구,earth,地球,aarde,noun,nature,
ko-0362,세계,world,世界,wereld,noun,nature,
ko-0363,환경,environment,環境,milieu; omgeving,noun,nature,
ko-0364,소리,sound,音,geluid,noun,nature,
ko-0365,냄새,smell,におい,geur,noun,nature,
ko-0366,몸,body,体,lichaam,noun,body,
ko-0367,머리,head; hair,頭;髪,hoofd; haar,noun,body,
ko-0368,얼굴,face,顔,gezicht,noun,body,
ko-0369,귀,ear,耳,oor,noun,body,
ko-0370,코,nose,鼻,neus,noun,body,
ko-0371,입,mouth,口,mond,noun,body,
ko-0372,목,neck; throat,首;喉,nek; keel,noun,body,
ko-0373,어깨,shoulder,肩,schouder,noun,body,
ko-0374,팔,arm,腕,arm,noun,body,
ko-0375,손,hand,手,hand,noun,body,
ko-0376,손가락,finger,指,vinger,noun,body,
ko-0377,다리,leg; bridge,足;橋,been; brug,noun,body,
ko-0378,발,foot,足,voet,noun,body,
ko-0379,발가락,toe,つま先;足の指,teen,noun,body,
ko-0380,배,stomach; belly; boat,お腹;船,maag; buik; boot,noun,body,
ko-0381,등,back; lamp,背中;灯,rug; lamp,noun,body,
ko-0382,심장,heart organ,心臓,hart,noun,body,
ko-0383,피,blood,血,bloed,noun,body,
ko-0384,피부,skin,皮膚,huid,noun,body,
ko-0385,건강,health,健康,gezondheid,noun,health,
ko-0386,병,illness,病気,ziekte,noun,health,homonym of bottle
ko-0387,감기,cold illness,風邪,verkoudheid,noun,health,
ko-0388,열,fever; heat,熱,koorts; hitte,noun,health,homonym of ten
ko-0389,아프다,to hurt; to be sick,痛い;具合が悪い,pijn doen; ziek zijn,adjective,health,
ko-0390,쉬다,to rest,休む,rusten,verb,health,
ko-0391,자다,to sleep,寝る,slapen,verb,health,
ko-0392,일어나다,to wake up; to happen,起きる,wakker worden; gebeuren,verb,health,
ko-0393,씻다,to wash,洗う,wassen,verb,health,
ko-0394,웃다,to laugh; smile,笑う,lachen; glimlachen,verb,emotion,
ko-0395,울다,to cry,泣く,huilen,verb,emotion,
ko-0396,기쁘다,happy,嬉しい,blij; gelukkig,adjective,emotion,
ko-0397,슬프다,sad,悲しい,verdrietig,adjective,emotion,
ko-0398,화나다,angry,怒っている,boos,adjective,emotion,
ko-0399,무섭다,scary; afraid,怖い,eng; bang,adjective,emotion,
ko-0400,피곤하다,tired,疲れている,moe,adjective,health,
ko-0401,걱정하다,to worry,心配する,zich zorgen maken,verb,emotion,
ko-0402,좋아하다,to like,好きだ,leuk vinden,verb,emotion,
ko-0403,싫어하다,to dislike,嫌う,niet leuk vinden,verb,emotion,
ko-0404,사랑하다,to love,愛する,houden van,verb,emotion,
ko-0405,생각하다,to think,考える,denken,verb,thinking,
ko-0406,알다,to know,知る,weten,verb,thinking,
ko-0407,모르다,to not know,知らない,niet weten,verb,thinking,
ko-0408,기억하다,to remember,覚えている,onthouden; zich herinneren,verb,thinking,
ko-0409,잊다,to forget,忘れる,vergeten,verb,thinking,
ko-0410,배우다,to learn,学ぶ,leren,verb,education,
ko-0411,가르치다,to teach,教える,onderwijzen; lesgeven,verb,education,
ko-0412,읽다,to read,読む,lezen,verb,education,
ko-0413,쓰다,to write; to use,書く;使う,schrijven; gebruiken,verb,education,homonym of bitter adjective
ko-0414,듣다,to listen; hear,聞く,luisteren; horen,verb,education,
ko-0415,말하다,to speak,話す,spreken,verb,communication,
ko-0416,보다,to see; watch,見る,zien; kijken,verb,basic,
ko-0417,느끼다,to feel,感じる,voelen,verb,basic,
ko-0418,열다,to open,開ける,openen,verb,basic,
ko-0419,닫다,to close,閉める,sluiten,verb,basic,
ko-0420,잡다,to hold; catch,つかむ;捕まえる,vasthouden; vangen,verb,basic,
ko-0421,하다,to do,する,doen,verb,basic,
ko-0422,되다,to become,なる,worden,verb,basic,
ko-0423,있다,to exist; have,ある;いる,bestaan; hebben,verb,basic,
ko-0424,없다,to not exist; not have,ない;いない,niet bestaan; niet hebben,adjective,basic,
ko-0425,주다,to give,あげる;くれる,geven,verb,basic,
ko-0426,받다,to receive,受け取る,ontvangen; krijgen,verb,basic,
ko-0427,만들다,to make,作る,maken,verb,basic,
ko-0428,사용하다,to use,使用する,gebruiken,verb,basic,
ko-0429,시작하다,to start,始める,beginnen,verb,basic,
ko-0430,끝나다,to end,終わる,eindigen,verb,basic,
ko-0431,끝내다,to finish,終える,afmaken,verb,basic,
ko-0432,일하다,to work,働く,werken,verb,work,
ko-0433,공부하다,to study,勉強する,studeren,verb,education,
ko-0434,놀다,to play,遊ぶ,spelen,verb,leisure,
ko-0435,운동하다,to exercise,運動する,sporten,verb,health,
ko-0436,여행하다,to travel,旅行する,reizen,verb,travel,
ko-0437,전화하다,to call by phone,電話する,telefoneren; bellen,verb,communication,
ko-0438,보내다,to send,送る,sturen; verzenden,verb,communication,
ko-0439,빌리다,to borrow,借りる,lenen,verb,basic,
ko-0440,빌려주다,to lend,貸す,uitlenen,verb,basic,
ko-0441,물어보다,to ask,尋ねる,vragen,verb,communication,
ko-0442,대답하다,to answer,答える,antwoorden,verb,communication,
ko-0443,도와주다,to help,手伝う,helpen,verb,basic,
ko-0444,필요하다,to need; necessary,必要だ,nodig hebben; noodzakelijk,adjective,basic,
ko-0445,원하다,to want,望む,willen,verb,basic,
ko-0446,살다,to live,住む;生きる,wonen; leven,verb,basic,
ko-0447,죽다,to die,死ぬ,sterven,verb,basic,
ko-0448,입다,to wear clothes,着る,kleren aantrekken,verb,clothing,
ko-0449,벗다,to take off clothes,脱ぐ,kleren uittrekken,verb,clothing,
ko-0450,신다,to wear shoes,履く,schoenen aantrekken,verb,clothing,
ko-0451,앉다,to sit,座る,zitten,verb,basic,
ko-0452,서다,to stand,立つ,staan,verb,basic,
ko-0453,놓다,to put,置く,leggen; zetten,verb,basic,
ko-0454,넣다,to put in,入れる,erin doen,verb,basic,
ko-0455,빼다,to take out,出す,eruit halen,verb,basic,
ko-0456,바꾸다,to change,変える,veranderen,verb,basic,
ko-0457,고르다,to choose,選ぶ,kiezen,verb,basic,
ko-0458,잃어버리다,to lose,なくす,verliezen,verb,basic,
ko-0459,줍다,to pick up,拾う,oppakken,verb,basic,
ko-0460,청소하다,to clean,掃除する,schoonmaken,verb,home,
ko-0461,준비하다,to prepare,準備する,voorbereiden,verb,basic,
ko-0462,예약하다,to reserve,予約する,reserveren,verb,travel,
ko-0463,취소하다,to cancel,キャンセルする,annuleren,verb,basic,
ko-0464,확인하다,to confirm,確認する,bevestigen,verb,basic,
ko-0465,설명하다,to explain,説明する,uitleggen,verb,communication,
ko-0466,이해하다,to understand,理解する,begrijpen,verb,thinking,
ko-0467,연습하다,to practice,練習する,oefenen,verb,education,
ko-0468,질문하다,to ask a question,質問する,een vraag stellen,verb,communication,
ko-0469,성공하다,to succeed,成功する,slagen,verb,basic,
ko-0470,실패하다,to fail,失敗する,falen; mislukken,verb,basic,
ko-0471,좋다,good,良い,goed,adjective,quality,
ko-0472,나쁘다,bad,悪い,slecht,adjective,quality,
ko-0473,새롭다,new,新しい,nieuw,adjective,quality,
ko-0474,오래되다,old; aged,古い,oud; bejaard,adjective,quality,
ko-0475,예쁘다,pretty,きれいだ;かわいい,mooi,adjective,quality,
ko-0476,아름답다,beautiful,美しい,prachtig; mooi,adjective,quality,
ko-0477,귀엽다,cute,かわいい,schattig,adjective,quality,
ko-0478,쉽다,easy,易しい,gemakkelijk,adjective,quality,
ko-0479,어렵다,difficult,難しい,moeilijk,adjective,quality,
ko-0480,재미있다,interesting; fun,面白い,interessant; leuk,adjective,quality,
ko-0481,재미없다,boring,面白くない,saai,adjective,quality,
ko-0482,조용하다,quiet,静かだ,stil; rustig,adjective,quality,
ko-0483,시끄럽다,noisy,うるさい,lawaaiig,adjective,quality,
ko-0484,깨끗하다,clean,きれいだ,schoon,adjective,quality,
ko-0485,더럽다,dirty,汚い,vies,adjective,quality,
ko-0486,안전하다,safe,安全だ,veilig,adjective,quality,
ko-0487,위험하다,dangerous,危険だ,gevaarlijk,adjective,quality,
ko-0488,중요하다,important,重要だ,belangrijk,adjective,quality,
ko-0489,특별하다,special,特別だ,speciaal,adjective,quality,
ko-0490,같다,same; like,同じだ,hetzelfde; zoals,adjective,quality,
ko-0491,다르다,different,違う,anders; verschillend,adjective,quality,
ko-0492,맞다,correct,合っている,correct; juist,adjective,quality,
ko-0493,틀리다,wrong,間違っている,fout; verkeerd,adjective,quality,
ko-0494,함께,together,一緒に,samen,adverb,basic,
ko-0495,혼자,alone,一人で,alleen,adverb,basic,
ko-0496,하지만,but,しかし,maar,conjunction,basic,
ko-0497,그리고,and,そして,en,conjunction,basic,
ko-0498,그래서,so; therefore,だから,dus; daarom,conjunction,basic,
ko-0499,왜냐하면,because,なぜなら,omdat,conjunction,basic,
ko-0500,정말,really,本当に,echt,adverb,basic,
